{
  "vietnam": "Viet Nam",
  "viet-nam": "Viet Nam",
  "russia": "Russian Federation",
  "south korea": "Korea, Republic of",
  "north korea": "Korea, Democratic People's Republic of",
  "republic of korea": "Korea, Republic of",
  "iran": "Iran, Islamic Republic of",
  "syria": "Syrian Arab Republic",
  "bolivia": "Bolivia, Plurinational State of",
  "venezuela": "Venezuela, Bolivarian Republic of",
  "laos": "Lao People's Democratic Republic",
  "tanzania": "Tanzania, United Republic of",
  "moldova": "Moldova, Republic of",
  "north macedonia": "North Macedonia",
  "macedonia": "North Macedonia",
  "democratic republic of congo": "Congo, The Democratic Republic of the",
  "dr congo": "Congo, The Democratic Republic of the",
  "drc": "Congo, The Democratic Republic of the",
  "congo dr": "Congo, The Democratic Republic of the",
  "turkey": "Türkiye",
  "türkiye": "Türkiye",
  "uk": "United Kingdom",
  "great britain": "United Kingdom",
  "england": "United Kingdom",
  "ivory coast": "Côte d'Ivoire",
  "cote d'ivoire": "Côte d'Ivoire",
  "cote divoire": "Côte d'Ivoire",
  "czech republic": "Czechia",
  "burma": "Myanmar",
  "palestina": "Palestine, State of",
  "palestine": "Palestine, State of",
  "taiwan": "Taiwan, Province of China",
  "republic of china": "Taiwan, Province of China",
  "micronesia": "Micronesia, Federated States of",
  "eswatini": "Eswatini",
  "swaziland": "Eswatini",
  "cabo verde": "Cabo Verde",
  "cape verde": "Cabo Verde",
  "kyrgyzstan": "Kyrgyzstan",
  "kirghizia": "Kyrgyzstan",
  "st lucia": "Saint Lucia",
  "st kitts": "Saint Kitts and Nevis",
  "st vincent": "Saint Vincent and the Grenadines",
  "trinidad": "Trinidad and Tobago",
  "tobago": "Trinidad and Tobago",
  "america": "United States",
  "united states of america": "United States",
  "us": "United States",
  "new guinea": "Papua New Guinea",
  "korea": "Korea, Republic of",
  "uae": "United Arab Emirates",
  "the bahamas": "Bahamas",
  "brunei": "Brunei Darussalam",
  "bhutan": "Bhutan",
  "nepal": "Nepal",
  "aland islands": "Åland Islands",
  "reunion": "Réunion",
  "curacao": "Curaçao",
  "timor leste": "Timor-Leste",
  "east timor": "Timor-Leste",
  "sao tome": "Sao Tome and Principe",
  "saint helena": "Saint Helena, Ascension and Tristan da Cunha",
  "svalbard": "Svalbard and Jan Mayen",
  "wallis": "Wallis and Futuna",
  "tahiti": "French Polynesia",
  "polynesia": "French Polynesia",
  "scotland": "United Kingdom",
  "wales": "United Kingdom",
  "northern ireland": "United Kingdom",
  "great britain and northern ireland": "United Kingdom",
  "hong kong sar": "Hong Kong",
  "macau": "Macao",
  "macao sar": "Macao",
  "tibet": "China",
  "xinjiang": "China",
  "inner mongolia": "China",
  "corsica": "France",
  "french guadeloupe": "Guadeloupe",
  "martinique island": "Martinique",
  "new caledonia": "New Caledonia",
  "puerto rico": "Puerto Rico",
  "guam island": "Guam",
  "u.s. virgin islands": "Virgin Islands, U.S.",
  "us virgin islands": "Virgin Islands, U.S.",
  "british virgin islands": "Virgin Islands, British",
  "st. lucia": "Saint Lucia",
  "st. kitts and nevis": "Saint Kitts and Nevis",
  "st. vincent": "Saint Vincent and the Grenadines",
  "st. vincent and the grenadines": "Saint Vincent and the Grenadines",
  "kosovo": "Serbia",
  "crimea": "Ukraine",
  "western sahara": "Western Sahara",
  "réunion": "Réunion",
  "democratic republic of the congo": "Congo, The Democratic Republic of the",
  "republic of the congo": "Congo",
  "republic of congo": "Congo",
  "the gambia": "Gambia",
  "gambia": "Gambia",
  "st. martin": "Saint Martin (French part)",
  "sint maarten": "Sint Maarten (Dutch part)",
  "st maarten": "Sint Maarten (Dutch part)",
  "bonaire": "Bonaire, Sint Eustatius and Saba",
  "saba": "Bonaire, Sint Eustatius and Saba",
  "sint eustatius": "Bonaire, Sint Eustatius and Saba",
  "falkland islands": "Falkland Islands (Malvinas)",
  "malvinas": "Falkland Islands (Malvinas)",
  "south georgia": "South Georgia and the South Sandwich Islands",
  "jan mayen": "Svalbard and Jan Mayen",
  "cocos islands": "Cocos (Keeling) Islands",
  "keeling islands": "Cocos (Keeling) Islands",
  "heard island": "Heard Island and McDonald Islands",
  "pitcairn island": "Pitcairn",
  "norfolk island": "Norfolk Island",
  "niue island": "Niue",
  "tokelau island": "Tokelau",
  "wallis and futuna islands": "Wallis and Futuna",
  "federated states of micronesia": "Micronesia, Federated States of"
}